kind,sweep,value,T,B,N,D,sigma,L,regime,mode,time_ms,mem_mib,firing
synaptic,T,50.0,50,256,256,25,1.0,29,fwd,v2,14.326784133911133,78.75,0.11289764195680618
synaptic,T,50.0,50,256,256,25,1.0,29,fwd,v1,30.506752014160156,68.75,0.11289764195680618
synaptic,T,50.0,50,256,256,25,1.0,29,fwd,eventdriven,31.100927352905273,33.2529296875,0.11289764195680618
synaptic,T,50.0,50,256,256,25,1.0,29,fwd,vanilla,10.35961627960205,38.0,0.12423125654459
synaptic,T,50.0,50,256,256,25,1.0,29,fwdbwd,v2,40.77363204956055,455.75048828125,0.11289764195680618
synaptic,T,50.0,50,256,256,25,1.0,29,fwdbwd,v1,86.92012786865234,443.50048828125,0.11289764195680618
synaptic,T,50.0,50,256,256,25,1.0,29,fwdbwd,eventdriven,51.08019256591797,103.06591796875,0.11289764195680618
synaptic,T,50.0,50,256,256,25,1.0,29,fwdbwd,vanilla,29.642751693725586,63.0,0.12423125654459
synaptic,T,100.0,100,256,256,25,1.0,29,fwd,v2,27.451391220092773,129.75,0.11505233496427536
synaptic,T,100.0,100,256,256,25,1.0,29,fwd,v1,60.044288635253906,97.0,0.11505233496427536
synaptic,T,100.0,100,256,256,25,1.0,29,fwd,eventdriven,62.829566955566406,60.2529296875,0.11505233496427536
synaptic,T,100.0,100,256,256,25,1.0,29,fwd,vanilla,20.561920166015625,76.5,0.12428054213523865
synaptic,T,100.0,100,256,256,25,1.0,29,fwdbwd,v2,74.02470397949219,868.25048828125,0.11505233496427536
synaptic,T,100.0,100,256,256,25,1.0,29,fwdbwd,v1,174.5858612060547,855.00048828125,0.11505233496427536
synaptic,T,100.0,100,256,256,25,1.0,29,fwdbwd,eventdriven,103.66758728027344,157.06591796875,0.11505233496427536
synaptic,T,100.0,100,256,256,25,1.0,29,fwdbwd,vanilla,60.527713775634766,126.5,0.12428054213523865
synaptic,T,250.0,250,256,256,25,1.0,29,fwd,v2,68.37254333496094,278.75,0.11645007878541946
synaptic,T,250.0,250,256,256,25,1.0,29,fwd,v1,149.30201721191406,209.5,0.11645007878541946
synaptic,T,250.0,250,256,256,25,1.0,29,fwd,eventdriven,158.3462371826172,133.2529296875,0.11645007878541946
synaptic,T,250.0,250,256,256,25,1.0,29,fwd,vanilla,51.311614990234375,188.0,0.12425623089075089
synaptic,T,250.0,250,256,256,25,1.0,29,fwdbwd,v2,175.9754180908203,2107.75048828125,0.11645007878541946
synaptic,T,250.0,250,256,256,25,1.0,29,fwdbwd,v1,440.5514221191406,2091.50048828125,0.11645007878541946
synaptic,T,250.0,250,256,256,25,1.0,29,fwdbwd,eventdriven,262.4910583496094,312.7529296875,0.11645007878541946
synaptic,T,250.0,250,256,256,25,1.0,29,fwdbwd,vanilla,132.3468780517578,313.0,0.12425623089075089
synaptic,T,500.0,500,256,256,25,1.0,29,fwd,v2,135.80697631835938,529.75,0.11695093661546707
synaptic,T,500.0,500,256,256,25,1.0,29,fwd,v1,300.0279235839844,398.0,0.11695093661546707
synaptic,T,500.0,500,256,256,25,1.0,29,fwd,eventdriven,317.8823547363281,260.2529296875,0.11695093661546707
synaptic,T,500.0,500,256,256,25,1.0,29,fwd,vanilla,103.03465270996094,376.5,0.12432434409856796
synaptic,T,500.0,500,256,256,25,1.0,29,fwdbwd,v2,350.6585693359375,4171.25048828125,0.11695093661546707
synaptic,T,500.0,500,256,256,25,1.0,29,fwdbwd,v1,891.6285400390625,4155.00048828125,0.11695093661546707
synaptic,T,500.0,500,256,256,25,1.0,29,fwdbwd,eventdriven,528.553955078125,630.2529296875,0.11695093661546707
synaptic,T,500.0,500,256,256,25,1.0,29,fwdbwd,vanilla,263.074951171875,626.5,0.12432434409856796
synaptic,T,1000.0,1000,256,256,25,1.0,29,fwd,v2,271.4909362792969,1028.75,0.11720971018075943
synaptic,T,1000.0,1000,256,256,25,1.0,29,fwd,v1,596.7449340820312,772.0,0.11720971018075943
synaptic,T,1000.0,1000,256,256,25,1.0,29,fwd,eventdriven,637.8915405273438,508.2529296875,0.11720971018075943
synaptic,T,1000.0,1000,256,256,25,1.0,29,fwd,vanilla,206.2900848388672,750.5,0.12430056184530258
synaptic,T,1000.0,1000,256,256,25,1.0,29,fwdbwd,v2,708.5565795898438,8293.25048828125,0.11720971018075943
synaptic,T,1000.0,1000,256,256,25,1.0,29,fwdbwd,v1,1794.377685546875,8279.00048828125,0.11720971018075943
synaptic,T,1000.0,1000,256,256,25,1.0,29,fwdbwd,eventdriven,1063.284912109375,1250.2529296875,0.11720971018075943
synaptic,T,1000.0,1000,256,256,25,1.0,29,fwdbwd,vanilla,533.4292602539062,1250.5,0.12430056184530258
synaptic,B,32.0,250,32,256,25,1.0,29,fwd,v2,80.49049377441406,53.65625,0.11640527844429016
synaptic,B,32.0,250,32,256,25,1.0,29,fwd,v1,163.498046875,40.125,0.11640527844429016
synaptic,B,32.0,250,32,256,25,1.0,29,fwd,eventdriven,10.179583549499512,17.0966796875,0.11640527844429016
synaptic,B,32.0,250,32,256,25,1.0,29,fwd,vanilla,63.951873779296875,23.5,0.12418653070926666
synaptic,B,32.0,250,32,256,25,1.0,29,fwdbwd,v2,174.76821899414062,294.71923828125,0.11640527844429016
synaptic,B,32.0,250,32,256,25,1.0,29,fwdbwd,v1,381.6080017089844,1860.62548828125,0.11640527844429016
synaptic,B,32.0,250,32,256,25,1.0,29,fwdbwd,eventdriven,48.25676727294922,84.09716796875,0.11640527844429016
synaptic,B,32.0,250,32,256,25,1.0,29,fwdbwd,vanilla,138.86770629882812,39.125,0.12418653070926666
synaptic,B,64.0,250,64,256,25,1.0,29,fwd,v2,80.0143051147461,86.1875,0.11659912765026093
synaptic,B,64.0,250,64,256,25,1.0,29,fwd,v1,164.5043487548828,59.5,0.11659912765026093
synaptic,B,64.0,250,64,256,25,1.0,29,fwd,eventdriven,14.18342399597168,34.4404296875,0.11659912765026093
synaptic,B,64.0,250,64,256,25,1.0,29,fwd,vanilla,64.3082275390625,47.375,0.12440918385982513
synaptic,B,64.0,250,64,256,25,1.0,29,fwdbwd,v2,192.8089599609375,569.31298828125,0.11659912765026093
synaptic,B,64.0,250,64,256,25,1.0,29,fwdbwd,v1,392.5915222167969,1893.87548828125,0.11659912765026093
synaptic,B,64.0,250,64,256,25,1.0,29,fwdbwd,eventdriven,53.70675277709961,116.87841796875,0.11659912765026093
synaptic,B,64.0,250,64,256,25,1.0,29,fwdbwd,vanilla,153.6573486328125,78.625,0.12440918385982513
synaptic,B,128.0,250,128,256,25,1.0,29,fwd,v2,80.65843200683594,150.875,0.11633887141942978
synaptic,B,128.0,250,128,256,25,1.0,29,fwd,v1,162.95919799804688,109.125,0.11633887141942978
synaptic,B,128.0,250,128,256,25,1.0,29,fwd,eventdriven,26.74278450012207,68.3779296875,0.11633887141942978
synaptic,B,128.0,250,128,256,25,1.0,29,fwd,vanilla,64.1085433959961,94.75,0.12420227378606796
synaptic,B,128.0,250,128,256,25,1.0,29,fwdbwd,v2,191.8760986328125,1072.62548828125,0.11633887141942978
synaptic,B,128.0,250,128,256,25,1.0,29,fwdbwd,v1,393.1760559082031,1961.00048828125,0.11633887141942978
synaptic,B,128.0,250,128,256,25,1.0,29,fwdbwd,eventdriven,80.65945434570312,180.94091796875,0.11633887141942978
synaptic,B,128.0,250,128,256,25,1.0,29,fwdbwd,vanilla,151.37075805664062,157.25,0.12420227378606796
synaptic,B,256.0,250,256,256,25,1.0,29,fwd,v2,68.61312103271484,278.75,0.11645007878541946
synaptic,B,256.0,250,256,256,25,1.0,29,fwd,v1,149.97401428222656,209.5,0.11645007878541946
synaptic,B,256.0,250,256,256,25,1.0,29,fwd,eventdriven,159.1173095703125,133.2529296875,0.11645007878541946
synaptic,B,256.0,250,256,256,25,1.0,29,fwd,vanilla,51.46633529663086,188.0,0.12425623089075089
synaptic,B,256.0,250,256,256,25,1.0,29,fwdbwd,v2,174.15884399414062,2107.75048828125,0.11645007878541946
synaptic,B,256.0,250,256,256,25,1.0,29,fwdbwd,v1,437.3729248046875,2091.50048828125,0.11645007878541946
synaptic,B,256.0,250,256,256,25,1.0,29,fwdbwd,eventdriven,262.0948486328125,312.7529296875,0.11645007878541946
synaptic,B,256.0,250,256,256,25,1.0,29,fwdbwd,vanilla,131.59103393554688,313.0,0.12425623089075089
synaptic,B,512.0,250,512,256,25,1.0,29,fwd,v2,80.9717788696289,537.0,0.11649802327156067
synaptic,B,512.0,250,512,256,25,1.0,29,fwd,v1,163.44473266601562,412.75,0.11649802327156067
synaptic,B,512.0,250,512,256,25,1.0,29,fwd,eventdriven,761.6419677734375,268.0029296875,0.11649802327156067
synaptic,B,512.0,250,512,256,25,1.0,29,fwd,vanilla,64.17510223388672,377.0,0.12427597492933273
synaptic,B,512.0,250,512,256,25,1.0,29,fwdbwd,v2,221.19424438476562,4176.50048828125,0.11649802327156067
synaptic,B,512.0,250,512,256,25,1.0,29,fwdbwd,v1,644.0171508789062,2357.00048828125,0.11649802327156067
synaptic,B,512.0,250,512,256,25,1.0,29,fwdbwd,eventdriven,944.0778198242188,630.5029296875,0.11649802327156067
synaptic,B,512.0,250,512,256,25,1.0,29,fwdbwd,vanilla,151.1453399658203,627.0,0.12427597492933273
synaptic,N,64.0,250,256,64,25,1.0,29,fwd,v2,80.03174591064453,65.65625,0.11748706549406052
synaptic,N,64.0,250,256,64,25,1.0,29,fwd,v1,162.75645446777344,51.390625,0.11748706549406052
synaptic,N,64.0,250,256,64,25,1.0,29,fwd,eventdriven,3.443711996078491,33.59521484375,0.11748706549406052
synaptic,N,64.0,250,256,64,25,1.0,29,fwd,vanilla,62.704830169677734,47.0,0.12565918266773224
synaptic,N,64.0,250,256,64,25,1.0,29,fwdbwd,v2,191.90374755859375,527.81298828125,0.11748706549406052
synaptic,N,64.0,250,256,64,25,1.0,29,fwdbwd,v1,394.6822814941406,180.68798828125,0.11748706549406052
synaptic,N,64.0,250,256,64,25,1.0,29,fwdbwd,eventdriven,13.296640396118164,79.689453125,0.11748706549406052
synaptic,N,64.0,250,256,64,25,1.0,29,fwdbwd,vanilla,151.2804412841797,78.625,0.12565918266773224
synaptic,N,128.0,250,256,128,25,1.0,29,fwd,v2,82.09919738769531,134.75,0.12029480189085007
synaptic,N,128.0,250,256,128,25,1.0,29,fwd,v1,159.66220092773438,103.6875,0.12029480189085007
synaptic,N,128.0,250,256,128,25,1.0,29,fwd,eventdriven,12.811103820800781,68.00146484375,0.12029480189085007
synaptic,N,128.0,250,256,128,25,1.0,29,fwd,vanilla,62.836734771728516,94.75,0.12836854159832
synaptic,N,128.0,250,256,128,25,1.0,29,fwdbwd,v2,192.22735595703125,1045.62548828125,0.12029480189085007
synaptic,N,128.0,250,256,128,25,1.0,29,fwdbwd,v1,400.3010559082031,592.00048828125,0.12029480189085007
synaptic,N,128.0,250,256,128,25,1.0,29,fwdbwd,eventdriven,41.338111877441406,160.126953125,0.12029480189085007
synaptic,N,128.0,250,256,128,25,1.0,29,fwdbwd,vanilla,155.51405334472656,157.25,0.12836854159832
synaptic,N,256.0,250,256,256,25,1.0,29,fwd,v2,68.52003479003906,278.75,0.11645007878541946
synaptic,N,256.0,250,256,256,25,1.0,29,fwd,v1,149.5162811279297,209.5,0.11645007878541946
synaptic,N,256.0,250,256,256,25,1.0,29,fwd,eventdriven,158.7578887939453,133.2529296875,0.11645007878541946
synaptic,N,256.0,250,256,256,25,1.0,29,fwd,vanilla,51.23276901245117,188.0,0.12425623089075089
synaptic,N,256.0,250,256,256,25,1.0,29,fwdbwd,v2,173.6468505859375,2107.75048828125,0.11645007878541946
synaptic,N,256.0,250,256,256,25,1.0,29,fwdbwd,v1,440.34765625,2091.50048828125,0.11645007878541946
synaptic,N,256.0,250,256,256,25,1.0,29,fwdbwd,eventdriven,263.0901794433594,312.7529296875,0.11645007878541946
synaptic,N,256.0,250,256,256,25,1.0,29,fwdbwd,vanilla,136.09368896484375,313.0,0.12425623089075089
synaptic,N,512.0,250,256,512,25,1.0,29,fwd,v2,103.05945587158203,601.5,0.11669333279132843
synaptic,N,512.0,250,256,512,25,1.0,29,fwd,v1,161.36294555664062,434.5,0.11669333279132843
synaptic,N,512.0,250,256,512,25,1.0,29,fwd,eventdriven,1515.52001953125,269.505859375,0.11669333279132843
synaptic,N,512.0,250,256,512,25,1.0,29,fwd,vanilla,63.901695251464844,377.0,0.124057836830616
synaptic,N,512.0,250,256,512,25,1.0,29,fwdbwd,v2,294.9642333984375,4284.50048828125,0.11669333279132843
synaptic,N,512.0,250,256,512,25,1.0,29,fwdbwd,v1,784.637939453125,8070.00048828125,0.11669333279132843
synaptic,N,512.0,250,256,512,25,1.0,29,fwdbwd,eventdriven,1917.21044921875,722.75537109375,0.11669333279132843
synaptic,N,512.0,250,256,512,25,1.0,29,fwdbwd,vanilla,150.37542724609375,627.0,0.124057836830616
synaptic,N,1024.0,250,256,1024,25,1.0,29,fwd,v2,336.746337890625,1373.0,0.11792917549610138
synaptic,N,1024.0,250,256,1024,25,1.0,29,fwd,v1,490.7980041503906,936.0,0.11792923510074615
synaptic,N,1024.0,250,256,1024,25,1.0,29,fwd,eventdriven,6133.99267578125,539.01171875,0.11792923510074615
synaptic,N,1024.0,250,256,1024,25,1.0,29,fwd,vanilla,66.13606262207031,752.0,0.1256444901227951
synaptic,N,1024.0,250,256,1024,25,1.0,29,fwdbwd,v2,1001.8427124023438,8855.00048828125,0.11792917549610138
synaptic,N,1024.0,250,256,1024,25,1.0,29,fwdbwd,v1,2146.007080078125,30290.00048828125,0.11792923510074615
synaptic,N,1024.0,250,256,1024,25,1.0,29,fwdbwd,eventdriven,8204.447265625,1846.00927734375,0.11792923510074615
synaptic,N,1024.0,250,256,1024,25,1.0,29,fwdbwd,vanilla,153.66738891601562,1252.0,0.1256444901227951
synaptic,D,5.0,250,256,256,5,1.0,9,fwd,v2,54.34880065917969,259.125,0.11676599830389023
synaptic,D,5.0,250,256,256,5,1.0,9,fwd,v1,124.16716766357422,194.875,0.11676599830389023
synaptic,D,5.0,250,256,256,5,1.0,9,fwd,eventdriven,21.481664657592773,128.2529296875,0.11676599830389023
synaptic,D,5.0,250,256,256,5,1.0,9,fwd,vanilla,40.771583557128906,188.0,0.12425623089075089
synaptic,D,5.0,250,256,256,5,1.0,9,fwdbwd,v2,155.1267852783203,827.62548828125,0.11676599830389023
synaptic,D,5.0,250,256,256,5,1.0,9,fwdbwd,v1,333.8985900878906,830.00048828125,0.11676599830389023
synaptic,D,5.0,250,256,256,5,1.0,9,fwdbwd,eventdriven,93.8782730102539,312.7529296875,0.11676599830389023
synaptic,D,5.0,250,256,256,5,1.0,9,fwdbwd,vanilla,121.15360260009766,313.0,0.12425623089075089
synaptic,D,10.0,250,256,256,10,1.0,14,fwd,v2,55.1157112121582,263.75,0.1168350875377655
synaptic,D,10.0,250,256,256,10,1.0,14,fwd,v1,121.63180541992188,198.25,0.1168350875377655
synaptic,D,10.0,250,256,256,10,1.0,14,fwd,eventdriven,34.9194221496582,129.5029296875,0.1168350875377655
synaptic,D,10.0,250,256,256,10,1.0,14,fwd,vanilla,40.69478225708008,188.0,0.12425623089075089
synaptic,D,10.0,250,256,256,10,1.0,14,fwdbwd,v2,154.79408264160156,1162.25048828125,0.1168350875377655
synaptic,D,10.0,250,256,256,10,1.0,14,fwdbwd,v1,334.6808776855469,1142.00048828125,0.1168350875377655
synaptic,D,10.0,250,256,256,10,1.0,14,fwdbwd,eventdriven,110.9175033569336,312.7529296875,0.1168350875377655
synaptic,D,10.0,250,256,256,10,1.0,14,fwdbwd,vanilla,118.99187469482422,313.0,0.12425623089075089
synaptic,D,25.0,250,256,256,25,1.0,29,fwd,v2,54.035457611083984,278.75,0.11645007878541946
synaptic,D,25.0,250,256,256,25,1.0,29,fwd,v1,123.5937271118164,209.5,0.11645007878541946
synaptic,D,25.0,250,256,256,25,1.0,29,fwd,eventdriven,158.65548706054688,133.2529296875,0.11645007878541946
synaptic,D,25.0,250,256,256,25,1.0,29,fwd,vanilla,40.53606414794922,188.0,0.12425623089075089
synaptic,D,25.0,250,256,256,25,1.0,29,fwdbwd,v2,159.43475341796875,2107.75048828125,0.11645007878541946
synaptic,D,25.0,250,256,256,25,1.0,29,fwdbwd,v1,403.05755615234375,2091.50048828125,0.11645007878541946
synaptic,D,25.0,250,256,256,25,1.0,29,fwdbwd,eventdriven,263.5245666503906,312.7529296875,0.11645007878541946
synaptic,D,25.0,250,256,256,25,1.0,29,fwdbwd,vanilla,119.15878295898438,313.0,0.12425623089075089
synaptic,D,50.0,250,256,256,50,1.0,54,fwd,v2,59.877376556396484,303.75,0.11553332954645157
synaptic,D,50.0,250,256,256,50,1.0,54,fwd,v1,127.08659362792969,228.25,0.1155332699418068
synaptic,D,50.0,250,256,256,50,1.0,54,fwd,eventdriven,516.8609008789062,139.5029296875,0.1155332699418068
synaptic,D,50.0,250,256,256,50,1.0,54,fwd,vanilla,40.602622985839844,188.0,0.12425623089075089
synaptic,D,50.0,250,256,256,50,1.0,54,fwdbwd,v2,196.57113647460938,3885.50048828125,0.11553332954645157
synaptic,D,50.0,250,256,256,50,1.0,54,fwdbwd,v1,577.3506469726562,3799.50048828125,0.1155332699418068
synaptic,D,50.0,250,256,256,50,1.0,54,fwdbwd,eventdriven,640.1689453125,351.87841796875,0.1155332699418068
synaptic,D,50.0,250,256,256,50,1.0,54,fwdbwd,vanilla,119.22329711914062,313.0,0.12425623089075089
synaptic,D,100.0,250,256,256,100,1.0,104,fwd,v2,103.35311889648438,353.75,0.11387787759304047
synaptic,D,100.0,250,256,256,100,1.0,104,fwd,v1,151.59500122070312,281.25,0.11387787759304047
synaptic,D,100.0,250,256,256,100,1.0,104,fwd,eventdriven,720.1697998046875,152.0029296875,0.11387787759304047
synaptic,D,100.0,250,256,256,100,1.0,104,fwd,vanilla,41.4156494140625,188.0,0.12425623089075089
synaptic,D,100.0,250,256,256,100,1.0,104,fwdbwd,v2,316.9688720703125,6967.00048828125,0.11387787759304047
synaptic,D,100.0,250,256,256,100,1.0,104,fwdbwd,v1,899.789794921875,6854.00048828125,0.11387787759304047
synaptic,D,100.0,250,256,256,100,1.0,104,fwdbwd,eventdriven,872.5678100585938,439.50341796875,0.11387787759304047
synaptic,D,100.0,250,256,256,100,1.0,104,fwdbwd,vanilla,121.82118225097656,313.0,0.12425623089075089
synaptic,sigma,0.0,250,256,256,25,0.0,28,fwd,v2,54.51980972290039,277.75,0.1199030801653862
synaptic,sigma,0.0,250,256,256,25,0.0,28,fwd,v1,124.63104248046875,208.75,0.1199030801653862
synaptic,sigma,0.0,250,256,256,25,0.0,28,fwd,eventdriven,93.92323303222656,133.0029296875,0.1199030801653862
synaptic,sigma,0.0,250,256,256,25,0.0,28,fwd,vanilla,40.836097717285156,188.0,0.12425623089075089
synaptic,sigma,0.0,250,256,256,25,0.0,28,fwdbwd,v2,158.20697021484375,2041.75048828125,0.1199030801653862
synaptic,sigma,0.0,250,256,256,25,0.0,28,fwdbwd,v1,398.2303466796875,2030.00048828125,0.1199030801653862
synaptic,sigma,0.0,250,256,256,25,0.0,28,fwdbwd,eventdriven,159.90988159179688,312.7529296875,0.1199030801653862
synaptic,sigma,0.0,250,256,256,25,0.0,28,fwdbwd,vanilla,119.84178924560547,313.0,0.12425623089075089
synaptic,sigma,1.0,250,256,256,25,1.0,29,fwd,v2,54.82291030883789,278.75,0.11645007878541946
synaptic,sigma,1.0,250,256,256,25,1.0,29,fwd,v1,125.00758361816406,209.5,0.11645007878541946
synaptic,sigma,1.0,250,256,256,25,1.0,29,fwd,eventdriven,158.26425170898438,133.2529296875,0.11645007878541946
synaptic,sigma,1.0,250,256,256,25,1.0,29,fwd,vanilla,40.873695373535156,188.0,0.12425623089075089
synaptic,sigma,1.0,250,256,256,25,1.0,29,fwdbwd,v2,157.06008911132812,2107.75048828125,0.11645007878541946
synaptic,sigma,1.0,250,256,256,25,1.0,29,fwdbwd,v1,403.8533630371094,2091.50048828125,0.11645007878541946
synaptic,sigma,1.0,250,256,256,25,1.0,29,fwdbwd,eventdriven,264.4029541015625,312.7529296875,0.11645007878541946
synaptic,sigma,1.0,250,256,256,25,1.0,29,fwdbwd,vanilla,119.67183685302734,313.0,0.12425623089075089
synaptic,sigma,2.0,250,256,256,25,2.0,30,fwd,v2,54.615966796875,279.75,0.11441339552402496
synaptic,sigma,2.0,250,256,256,25,2.0,30,fwd,v1,127.7245101928711,210.25,0.11441339552402496
synaptic,sigma,2.0,250,256,256,25,2.0,30,fwd,eventdriven,206.43507385253906,133.5029296875,0.11441339552402496
synaptic,sigma,2.0,250,256,256,25,2.0,30,fwd,vanilla,40.990718841552734,188.0,0.12425623089075089
synaptic,sigma,2.0,250,256,256,25,2.0,30,fwdbwd,v2,163.75196838378906,2169.75048828125,0.11441339552402496
synaptic,sigma,2.0,250,256,256,25,2.0,30,fwdbwd,v1,418.06927490234375,2155.00048828125,0.11441339552402496
synaptic,sigma,2.0,250,256,256,25,2.0,30,fwdbwd,eventdriven,349.1295471191406,312.7529296875,0.11441339552402496
synaptic,sigma,2.0,250,256,256,25,2.0,30,fwdbwd,vanilla,119.6961898803711,313.0,0.12425623089075089
synaptic,sigma,4.0,250,256,256,25,4.0,32,fwd,v2,54.47574234008789,281.75,0.11199609935283661
synaptic,sigma,4.0,250,256,256,25,4.0,32,fwd,v1,127.73785400390625,211.75,0.11199609935283661
synaptic,sigma,4.0,250,256,256,25,4.0,32,fwd,eventdriven,315.3367004394531,134.0029296875,0.11199609935283661
synaptic,sigma,4.0,250,256,256,25,4.0,32,fwd,vanilla,41.02979278564453,188.0,0.12425623089075089
synaptic,sigma,4.0,250,256,256,25,4.0,32,fwdbwd,v2,163.3269805908203,2297.75048828125,0.11199609935283661
synaptic,sigma,4.0,250,256,256,25,4.0,32,fwdbwd,v1,435.355712890625,2282.00048828125,0.11199609935283661
synaptic,sigma,4.0,250,256,256,25,4.0,32,fwdbwd,eventdriven,532.2311401367188,312.7529296875,0.11199609935283661
synaptic,sigma,4.0,250,256,256,25,4.0,32,fwdbwd,vanilla,120.09677124023438,313.0,0.12425623089075089
synaptic,sigma,8.0,250,256,256,25,8.0,36,fwd,v2,54.730751037597656,285.75,0.10991547256708145
synaptic,sigma,8.0,250,256,256,25,8.0,36,fwd,v1,128.2263946533203,214.75,0.10991547256708145
synaptic,sigma,8.0,250,256,256,25,8.0,36,fwd,eventdriven,563.604248046875,135.0029296875,0.10991547256708145
synaptic,sigma,8.0,250,256,256,25,8.0,36,fwd,vanilla,40.941566467285156,188.0,0.12425623089075089
synaptic,sigma,8.0,250,256,256,25,8.0,36,fwdbwd,v2,162.75033569335938,2553.75048828125,0.10991547256708145
synaptic,sigma,8.0,250,256,256,25,8.0,36,fwdbwd,v1,455.805908203125,2538.00048828125,0.10991547256708145
synaptic,sigma,8.0,250,256,256,25,8.0,36,fwdbwd,eventdriven,925.1102905273438,316.37841796875,0.10991547256708145
synaptic,sigma,8.0,250,256,256,25,8.0,36,fwdbwd,vanilla,119.65849304199219,313.0,0.12425623089075089
