model,std,magnitude,model_seed,perturb_seed,acc
ax_learned,3,0.0,0,0,83.44594594594595
ax_learned,3,0.1,0,0,81.71068796068796
ax_learned,3,0.1,0,1,81.72604422604422
ax_learned,3,0.1,0,2,81.6031941031941
ax_learned,3,0.2,0,0,79.00798525798525
ax_learned,3,0.2,0,1,78.762285012285
ax_learned,3,0.2,0,2,78.4090909090909
ax_learned,3,0.3,0,0,73.61793611793611
ax_learned,3,0.3,0,1,73.24938574938575
ax_learned,3,0.3,0,2,73.58722358722359
ax_learned,3,0.4,0,0,63.71314496314496
ax_learned,3,0.4,0,1,64.34275184275184
ax_learned,3,0.4,0,2,64.51167076167076
ax_learned,3,0.5,0,0,50.691031941031945
ax_learned,3,0.5,0,1,50.0
ax_learned,3,0.5,0,2,50.38390663390663
ax_learned,3,0.0,1,0,83.32309582309583
ax_learned,3,0.1,1,0,81.91031941031942
ax_learned,3,0.1,1,1,82.30958230958231
ax_learned,3,0.1,1,2,82.06388206388206
ax_learned,3,0.2,1,0,79.80651105651106
ax_learned,3,0.2,1,1,79.94471744471744
ax_learned,3,0.2,1,2,79.42260442260442
ax_learned,3,0.3,1,0,74.2014742014742
ax_learned,3,0.3,1,1,74.29361179361179
ax_learned,3,0.3,1,2,74.17076167076166
ax_learned,3,0.4,1,0,65.17199017199017
ax_learned,3,0.4,1,1,65.18734643734643
ax_learned,3,0.4,1,2,64.34275184275184
ax_learned,3,0.5,1,0,52.257371007371006
ax_learned,3,0.5,1,1,51.73525798525799
ax_learned,3,0.5,1,2,51.56633906633907
ax_learned,3,0.0,2,0,83.81449631449631
ax_learned,3,0.1,2,0,82.0485257985258
ax_learned,3,0.1,2,1,82.0945945945946
ax_learned,3,0.1,2,2,81.7414004914005
ax_learned,3,0.2,2,0,79.17690417690417
ax_learned,3,0.2,2,1,78.42444717444718
ax_learned,3,0.2,2,2,78.53194103194103
ax_learned,3,0.3,2,0,72.83476658476658
ax_learned,3,0.3,2,1,72.23587223587224
ax_learned,3,0.3,2,2,72.32800982800983
ax_learned,3,0.4,2,0,63.62100737100737
ax_learned,3,0.4,2,1,63.452088452088454
ax_learned,3,0.4,2,2,63.32923832923833
ax_learned,3,0.5,2,0,50.8445945945946
ax_learned,3,0.5,2,1,50.03071253071253
ax_learned,3,0.5,2,2,50.89066339066339
ax_learned,8,0.0,0,0,83.96805896805897
ax_learned,8,0.1,0,0,82.24815724815724
ax_learned,8,0.1,0,1,82.06388206388206
ax_learned,8,0.1,0,2,82.46314496314497
ax_learned,8,0.2,0,0,79.39189189189189
ax_learned,8,0.2,0,1,79.36117936117937
ax_learned,8,0.2,0,2,79.40724815724816
ax_learned,8,0.3,0,0,73.34152334152334
ax_learned,8,0.3,0,1,73.4490171990172
ax_learned,8,0.3,0,2,73.5411547911548
ax_learned,8,0.4,0,0,64.40417690417691
ax_learned,8,0.4,0,1,64.03562653562653
ax_learned,8,0.4,0,2,64.31203931203932
ax_learned,8,0.5,0,0,49.90786240786241
ax_learned,8,0.5,0,1,49.98464373464373
ax_learned,8,0.5,0,2,50.82923832923833
ax_learned,8,0.0,1,0,83.26167076167076
ax_learned,8,0.1,1,0,81.32678132678133
ax_learned,8,0.1,1,1,81.66461916461917
ax_learned,8,0.1,1,2,81.97174447174447
ax_learned,8,0.2,1,0,79.02334152334153
ax_learned,8,0.2,1,1,78.91584766584766
ax_learned,8,0.2,1,2,79.43796068796068
ax_learned,8,0.3,1,0,74.32432432432432
ax_learned,8,0.3,1,1,73.69471744471744
ax_learned,8,0.3,1,2,74.09398034398035
ax_learned,8,0.4,1,0,66.262285012285
ax_learned,8,0.4,1,1,66.43120393120392
ax_learned,8,0.4,1,2,66.12407862407862
ax_learned,8,0.5,1,0,53.22481572481573
ax_learned,8,0.5,1,1,53.47051597051597
ax_learned,8,0.5,1,2,53.992628992628994
ax_learned,8,0.0,2,0,82.002457002457
ax_learned,8,0.1,2,0,80.60503685503686
ax_learned,8,0.1,2,1,80.08292383292384
ax_learned,8,0.1,2,2,80.02149877149877
ax_learned,8,0.2,2,0,77.73341523341523
ax_learned,8,0.2,2,1,77.88697788697789
ax_learned,8,0.2,2,2,77.27272727272727
ax_learned,8,0.3,2,0,72.32800982800983
ax_learned,8,0.3,2,1,72.77334152334153
ax_learned,8,0.3,2,2,72.57371007371007
ax_learned,8,0.4,2,0,65.1105651105651
ax_learned,8,0.4,2,1,64.89557739557739
ax_learned,8,0.4,2,2,64.55773955773955
ax_learned,8,0.5,2,0,53.562653562653566
ax_learned,8,0.5,2,1,52.64127764127764
ax_learned,8,0.5,2,2,53.43980343980344
ax_learned,13,0.0,0,0,83.61486486486487
ax_learned,13,0.1,0,0,81.63390663390663
ax_learned,13,0.1,0,1,81.71068796068796
ax_learned,13,0.1,0,2,81.61855036855037
ax_learned,13,0.2,0,0,79.05405405405405
ax_learned,13,0.2,0,1,78.6394348894349
ax_learned,13,0.2,0,2,78.97727272727273
ax_learned,13,0.3,0,0,73.08046683046683
ax_learned,13,0.3,0,1,73.8022113022113
ax_learned,13,0.3,0,2,73.8943488943489
ax_learned,13,0.4,0,0,64.74201474201475
ax_learned,13,0.4,0,1,64.41953316953317
ax_learned,13,0.4,0,2,64.63452088452088
ax_learned,13,0.5,0,0,50.98280098280098
ax_learned,13,0.5,0,1,50.26105651105651
ax_learned,13,0.5,0,2,51.48955773955774
ax_learned,13,0.0,1,0,82.57063882063882
ax_learned,13,0.1,1,0,80.88144963144963
ax_learned,13,0.1,1,1,80.97358722358722
ax_learned,13,0.1,1,2,81.26535626535626
ax_learned,13,0.2,1,0,78.33230958230958
ax_learned,13,0.2,1,1,78.65479115479116
ax_learned,13,0.2,1,2,78.42444717444718
ax_learned,13,0.3,1,0,74.33968058968058
ax_learned,13,0.3,1,1,73.77149877149877
ax_learned,13,0.3,1,2,73.29545454545455
ax_learned,13,0.4,1,0,64.97235872235872
ax_learned,13,0.4,1,1,65.55589680589681
ax_learned,13,0.4,1,2,65.46375921375922
ax_learned,13,0.5,1,0,53.63943488943489
ax_learned,13,0.5,1,1,53.96191646191646
ax_learned,13,0.5,1,2,54.10012285012285
ax_learned,13,0.0,2,0,82.66277641277641
ax_learned,13,0.1,2,0,80.52825552825553
ax_learned,13,0.1,2,1,81.03501228501229
ax_learned,13,0.1,2,2,81.23464373464374
ax_learned,13,0.2,2,0,78.22481572481573
ax_learned,13,0.2,2,1,78.31695331695332
ax_learned,13,0.2,2,2,78.04054054054055
ax_learned,13,0.3,2,0,73.94041769041769
ax_learned,13,0.3,2,1,72.78869778869779
ax_learned,13,0.3,2,2,73.15724815724816
ax_learned,13,0.4,2,0,65.77088452088452
ax_learned,13,0.4,2,1,65.69410319410319
ax_learned,13,0.4,2,2,65.69410319410319
ax_learned,13,0.5,2,0,53.43980343980344
ax_learned,13,0.5,2,1,54.03869778869779
ax_learned,13,0.5,2,2,53.05589680589681
ax_learned,18,0.0,0,0,82.83169533169533
ax_learned,18,0.1,0,0,80.95823095823096
ax_learned,18,0.1,0,1,81.35749385749386
ax_learned,18,0.1,0,2,81.2039312039312
ax_learned,18,0.2,0,0,78.65479115479116
ax_learned,18,0.2,0,1,78.97727272727273
ax_learned,18,0.2,0,2,78.4551597051597
ax_learned,18,0.3,0,0,73.63329238329239
ax_learned,18,0.3,0,1,73.86363636363636
ax_learned,18,0.3,0,2,74.09398034398035
ax_learned,18,0.4,0,0,65.2487714987715
ax_learned,18,0.4,0,1,65.55589680589681
ax_learned,18,0.4,0,2,65.06449631449631
ax_learned,18,0.5,0,0,52.14987714987715
ax_learned,18,0.5,0,1,51.79668304668305
ax_learned,18,0.5,0,2,51.71990171990172
ax_learned,18,0.0,1,0,81.91031941031942
ax_learned,18,0.1,1,0,80.12899262899263
ax_learned,18,0.1,1,1,80.52825552825553
ax_learned,18,0.1,1,2,79.94471744471744
ax_learned,18,0.2,1,0,76.87346437346437
ax_learned,18,0.2,1,1,77.04238329238329
ax_learned,18,0.2,1,2,77.3034398034398
ax_learned,18,0.3,1,0,71.8519656019656
ax_learned,18,0.3,1,1,72.28194103194103
ax_learned,18,0.3,1,2,72.09766584766585
ax_learned,18,0.4,1,0,64.004914004914
ax_learned,18,0.4,1,1,64.15847665847666
ax_learned,18,0.4,1,2,63.6517199017199
ax_learned,18,0.5,1,0,51.78132678132678
ax_learned,18,0.5,1,1,51.9502457002457
ax_learned,18,0.5,1,2,51.45884520884521
ax_learned,18,0.0,2,0,83.21560196560196
ax_learned,18,0.1,2,0,81.38820638820638
ax_learned,18,0.1,2,1,81.6031941031941
ax_learned,18,0.1,2,2,81.06572481572482
ax_learned,18,0.2,2,0,78.992628992629
ax_learned,18,0.2,2,1,78.9004914004914
ax_learned,18,0.2,2,2,78.22481572481573
ax_learned,18,0.3,2,0,73.60257985257985
ax_learned,18,0.3,2,1,73.60257985257985
ax_learned,18,0.3,2,2,73.23402948402948
ax_learned,18,0.4,2,0,64.57309582309583
ax_learned,18,0.4,2,1,64.63452088452088
ax_learned,18,0.4,2,2,64.03562653562653
ax_learned,18,0.5,2,0,51.535626535626534
ax_learned,18,0.5,2,1,50.706388206388205
ax_learned,18,0.5,2,2,50.691031941031945
ax_learned,23,0.0,0,0,82.64742014742015
ax_learned,23,0.1,0,0,81.17321867321867
ax_learned,23,0.1,0,1,80.74324324324324
ax_learned,23,0.1,0,2,81.17321867321867
ax_learned,23,0.2,0,0,78.24017199017199
ax_learned,23,0.2,0,1,78.34766584766585
ax_learned,23,0.2,0,2,78.25552825552826
ax_learned,23,0.3,0,0,74.35503685503686
ax_learned,23,0.3,0,1,74.43181818181819
ax_learned,23,0.3,0,2,73.8482800982801
ax_learned,23,0.4,0,0,66.98402948402948
ax_learned,23,0.4,0,1,67.53685503685503
ax_learned,23,0.4,0,2,67.04545454545455
ax_learned,23,0.5,0,0,56.035012285012286
ax_learned,23,0.5,0,1,55.35933660933661
ax_learned,23,0.5,0,2,55.144348894348894
ax_learned,23,0.0,1,0,81.86425061425061
ax_learned,23,0.1,1,0,80.54361179361179
ax_learned,23,0.1,1,1,80.4514742014742
ax_learned,23,0.1,1,2,80.43611793611794
ax_learned,23,0.2,1,0,77.6566339066339
ax_learned,23,0.2,1,1,77.96375921375922
ax_learned,23,0.2,1,2,77.28808353808354
ax_learned,23,0.3,1,0,71.91339066339066
ax_learned,23,0.3,1,1,72.35872235872236
ax_learned,23,0.3,1,2,72.00552825552826
ax_learned,23,0.4,1,0,63.75921375921376
ax_learned,23,0.4,1,1,64.20454545454545
ax_learned,23,0.4,1,2,64.43488943488944
ax_learned,23,0.5,1,0,51.689189189189186
ax_learned,23,0.5,1,1,51.842751842751845
ax_learned,23,0.5,1,2,52.08845208845209
ax_learned,23,0.0,2,0,82.15601965601965
ax_learned,23,0.1,2,0,80.42076167076166
ax_learned,23,0.1,2,1,80.55896805896806
ax_learned,23,0.1,2,2,80.46683046683047
ax_learned,23,0.2,2,0,77.6566339066339
ax_learned,23,0.2,2,1,77.50307125307125
ax_learned,23,0.2,2,2,77.27272727272727
ax_learned,23,0.3,2,0,72.17444717444718
ax_learned,23,0.3,2,1,72.86547911547912
ax_learned,23,0.3,2,2,71.91339066339066
ax_learned,23,0.4,2,0,63.48280098280098
ax_learned,23,0.4,2,1,64.15847665847666
ax_learned,23,0.4,2,2,64.08169533169533
ax_learned,23,0.5,2,0,50.81388206388206
ax_learned,23,0.5,2,1,50.8445945945946
ax_learned,23,0.5,2,2,50.122850122850124
ax_fixed,3,0.0,0,0,82.34029484029485
ax_fixed,3,0.1,0,0,80.91216216216216
ax_fixed,3,0.1,0,1,80.92751842751842
ax_fixed,3,0.1,0,2,80.60503685503686
ax_fixed,3,0.2,0,0,77.56449631449631
ax_fixed,3,0.2,0,1,77.42628992628993
ax_fixed,3,0.2,0,2,77.93304668304668
ax_fixed,3,0.3,0,0,71.95945945945945
ax_fixed,3,0.3,0,1,72.06695331695332
ax_fixed,3,0.3,0,2,71.39127764127764
ax_fixed,3,0.4,0,0,62.945331695331696
ax_fixed,3,0.4,0,1,62.03931203931204
ax_fixed,3,0.4,0,2,62.46928746928747
ax_fixed,3,0.5,0,0,48.71007371007371
ax_fixed,3,0.5,0,1,48.38759213759214
ax_fixed,3,0.5,0,2,48.556511056511056
ax_fixed,3,0.0,1,0,82.34029484029485
ax_fixed,3,0.1,1,0,80.39004914004914
ax_fixed,3,0.1,1,1,80.02149877149877
ax_fixed,3,0.1,1,2,80.22113022113022
ax_fixed,3,0.2,1,0,77.07309582309583
ax_fixed,3,0.2,1,1,76.4588452088452
ax_fixed,3,0.2,1,2,76.56633906633907
ax_fixed,3,0.3,1,0,70.54668304668304
ax_fixed,3,0.3,1,1,69.87100737100737
ax_fixed,3,0.3,1,2,70.71560196560196
ax_fixed,3,0.4,1,0,61.73218673218673
ax_fixed,3,0.4,1,1,61.42506142506142
ax_fixed,3,0.4,1,2,61.45577395577396
ax_fixed,3,0.5,1,0,49.52395577395578
ax_fixed,3,0.5,1,1,49.063267813267814
ax_fixed,3,0.5,1,2,49.692874692874696
ax_fixed,3,0.0,2,0,82.24815724815724
ax_fixed,3,0.1,2,0,80.54361179361179
ax_fixed,3,0.1,2,1,80.35933660933661
ax_fixed,3,0.1,2,2,80.52825552825553
ax_fixed,3,0.2,2,0,77.99447174447174
ax_fixed,3,0.2,2,1,77.99447174447174
ax_fixed,3,0.2,2,2,77.64127764127764
ax_fixed,3,0.3,2,0,72.97297297297297
ax_fixed,3,0.3,2,1,72.52764127764128
ax_fixed,3,0.3,2,2,72.2051597051597
ax_fixed,3,0.4,2,0,63.78992628992629
ax_fixed,3,0.4,2,1,63.943488943488944
ax_fixed,3,0.4,2,2,63.59029484029484
ax_fixed,3,0.5,2,0,51.33599508599509
ax_fixed,3,0.5,2,1,50.42997542997543
ax_fixed,3,0.5,2,2,50.81388206388206
ax_fixed,8,0.0,0,0,83.15417690417691
ax_fixed,8,0.1,0,0,81.40356265356266
ax_fixed,8,0.1,0,1,81.86425061425061
ax_fixed,8,0.1,0,2,81.66461916461917
ax_fixed,8,0.2,0,0,78.86977886977887
ax_fixed,8,0.2,0,1,78.83906633906633
ax_fixed,8,0.2,0,2,78.60872235872236
ax_fixed,8,0.3,0,0,72.91154791154791
ax_fixed,8,0.3,0,1,72.54299754299754
ax_fixed,8,0.3,0,2,73.29545454545455
ax_fixed,8,0.4,0,0,63.98955773955774
ax_fixed,8,0.4,0,1,63.6517199017199
ax_fixed,8,0.4,0,2,64.38882063882063
ax_fixed,8,0.5,0,0,49.66216216216216
ax_fixed,8,0.5,0,1,49.26289926289926
ax_fixed,8,0.5,0,2,49.58538083538083
ax_fixed,8,0.0,1,0,82.60135135135135
ax_fixed,8,0.1,1,0,80.19041769041769
ax_fixed,8,0.1,1,1,80.57432432432432
ax_fixed,8,0.1,1,2,80.4054054054054
ax_fixed,8,0.2,1,0,77.14987714987716
ax_fixed,8,0.2,1,1,76.87346437346437
ax_fixed,8,0.2,1,2,77.11916461916462
ax_fixed,8,0.3,1,0,70.96130221130221
ax_fixed,8,0.3,1,1,71.45270270270271
ax_fixed,8,0.3,1,2,71.72911547911548
ax_fixed,8,0.4,1,0,62.99140049140049
ax_fixed,8,0.4,1,1,62.82248157248157
ax_fixed,8,0.4,1,2,62.63820638820639
ax_fixed,8,0.5,1,0,48.971130221130224
ax_fixed,8,0.5,1,1,49.76965601965602
ax_fixed,8,0.5,1,2,49.81572481572481
ax_fixed,8,0.0,2,0,82.4477886977887
ax_fixed,8,0.1,2,0,80.71253071253071
ax_fixed,8,0.1,2,1,80.78931203931204
ax_fixed,8,0.1,2,2,80.98894348894349
ax_fixed,8,0.2,2,0,78.48587223587224
ax_fixed,8,0.2,2,1,78.30159705159706
ax_fixed,8,0.2,2,2,77.76412776412776
ax_fixed,8,0.3,2,0,72.57371007371007
ax_fixed,8,0.3,2,1,73.17260442260442
ax_fixed,8,0.3,2,2,73.17260442260442
ax_fixed,8,0.4,2,0,65.37162162162163
ax_fixed,8,0.4,2,1,65.6019656019656
ax_fixed,8,0.4,2,2,65.31019656019656
ax_fixed,8,0.5,2,0,53.96191646191646
ax_fixed,8,0.5,2,1,53.93120393120393
ax_fixed,8,0.5,2,2,53.86977886977887
ax_fixed,13,0.0,0,0,82.21744471744472
ax_fixed,13,0.1,0,0,80.22113022113022
ax_fixed,13,0.1,0,1,80.11363636363636
ax_fixed,13,0.1,0,2,80.02149877149877
ax_fixed,13,0.2,0,0,76.91953316953317
ax_fixed,13,0.2,0,1,76.82739557739558
ax_fixed,13,0.2,0,2,77.3034398034398
ax_fixed,13,0.3,0,0,71.68304668304668
ax_fixed,13,0.3,0,1,72.32800982800983
ax_fixed,13,0.3,0,2,71.56019656019656
ax_fixed,13,0.4,0,0,62.97604422604422
ax_fixed,13,0.4,0,1,63.42137592137592
ax_fixed,13,0.4,0,2,62.57678132678133
ax_fixed,13,0.5,0,0,49.37039312039312
ax_fixed,13,0.5,0,1,49.462530712530715
ax_fixed,13,0.5,0,2,49.53931203931204
ax_fixed,13,0.0,1,0,82.96990171990171
ax_fixed,13,0.1,1,0,81.2039312039312
ax_fixed,13,0.1,1,1,81.21928746928747
ax_fixed,13,0.1,1,2,80.92751842751842
ax_fixed,13,0.2,1,0,77.57985257985258
ax_fixed,13,0.2,1,1,77.3034398034398
ax_fixed,13,0.2,1,2,77.257371007371
ax_fixed,13,0.3,1,0,70.88452088452088
ax_fixed,13,0.3,1,1,71.75982800982801
ax_fixed,13,0.3,1,2,70.93058968058968
ax_fixed,13,0.4,1,0,61.19471744471745
ax_fixed,13,0.4,1,1,60.62653562653563
ax_fixed,13,0.4,1,2,61.21007371007371
ax_fixed,13,0.5,1,0,45.930589680589684
ax_fixed,13,0.5,1,1,46.59090909090909
ax_fixed,13,0.5,1,2,47.266584766584764
ax_fixed,13,0.0,2,0,82.66277641277641
ax_fixed,13,0.1,2,0,81.23464373464374
ax_fixed,13,0.1,2,1,81.09643734643734
ax_fixed,13,0.1,2,2,81.44963144963145
ax_fixed,13,0.2,2,0,78.48587223587224
ax_fixed,13,0.2,2,1,78.4551597051597
ax_fixed,13,0.2,2,2,78.4551597051597
ax_fixed,13,0.3,2,0,73.0497542997543
ax_fixed,13,0.3,2,1,72.97297297297297
ax_fixed,13,0.3,2,2,73.0497542997543
ax_fixed,13,0.4,2,0,64.54238329238329
ax_fixed,13,0.4,2,1,63.943488943488944
ax_fixed,13,0.4,2,2,64.8034398034398
ax_fixed,13,0.5,2,0,50.783169533169534
ax_fixed,13,0.5,2,1,51.25921375921376
ax_fixed,13,0.5,2,2,51.64312039312039
ax_fixed,18,0.0,0,0,81.77211302211302
ax_fixed,18,0.1,0,0,80.12899262899263
ax_fixed,18,0.1,0,1,79.92936117936118
ax_fixed,18,0.1,0,2,80.55896805896806
ax_fixed,18,0.2,0,0,77.7948402948403
ax_fixed,18,0.2,0,1,77.42628992628993
ax_fixed,18,0.2,0,2,77.47235872235872
ax_fixed,18,0.3,0,0,73.17260442260442
ax_fixed,18,0.3,0,1,72.3894348894349
ax_fixed,18,0.3,0,2,72.98832923832924
ax_fixed,18,0.4,0,0,65.1105651105651
ax_fixed,18,0.4,0,1,65.12592137592138
ax_fixed,18,0.4,0,2,64.57309582309583
ax_fixed,18,0.5,0,0,52.31879606879607
ax_fixed,18,0.5,0,1,52.22665847665848
ax_fixed,18,0.5,0,2,51.98095823095823
ax_fixed,18,0.0,1,0,81.40356265356266
ax_fixed,18,0.1,1,0,79.34582309582309
ax_fixed,18,0.1,1,1,79.20761670761671
ax_fixed,18,0.1,1,2,79.46867321867322
ax_fixed,18,0.2,1,0,75.96744471744472
ax_fixed,18,0.2,1,1,76.02886977886978
ax_fixed,18,0.2,1,2,75.89066339066339
ax_fixed,18,0.3,1,0,69.97850122850123
ax_fixed,18,0.3,1,1,70.31633906633907
ax_fixed,18,0.3,1,2,70.60810810810811
ax_fixed,18,0.4,1,0,61.19471744471745
ax_fixed,18,0.4,1,1,61.394348894348894
ax_fixed,18,0.4,1,2,61.885749385749385
ax_fixed,18,0.5,1,0,48.60257985257985
ax_fixed,18,0.5,1,1,48.37223587223587
ax_fixed,18,0.5,1,2,48.326167076167074
ax_fixed,18,0.0,2,0,81.5571253071253
ax_fixed,18,0.1,2,0,79.97542997542998
ax_fixed,18,0.1,2,1,80.25184275184276
ax_fixed,18,0.1,2,2,80.11363636363636
ax_fixed,18,0.2,2,0,76.98095823095824
ax_fixed,18,0.2,2,1,77.22665847665847
ax_fixed,18,0.2,2,2,77.487714987715
ax_fixed,18,0.3,2,0,72.29729729729729
ax_fixed,18,0.3,2,1,71.57555282555282
ax_fixed,18,0.3,2,2,72.05159705159706
ax_fixed,18,0.4,2,0,63.49815724815725
ax_fixed,18,0.4,2,1,63.14496314496314
ax_fixed,18,0.4,2,2,63.22174447174447
ax_fixed,18,0.5,2,0,50.19963144963145
ax_fixed,18,0.5,2,1,50.13820638820639
ax_fixed,18,0.5,2,2,50.09213759213759
ax_fixed,23,0.0,0,0,81.57248157248158
ax_fixed,23,0.1,0,0,80.06756756756756
ax_fixed,23,0.1,0,1,79.62223587223588
ax_fixed,23,0.1,0,2,79.82186732186732
ax_fixed,23,0.2,0,0,77.257371007371
ax_fixed,23,0.2,0,1,77.02702702702703
ax_fixed,23,0.2,0,2,76.6431203931204
ax_fixed,23,0.3,0,0,72.05159705159706
ax_fixed,23,0.3,0,1,71.99017199017199
ax_fixed,23,0.3,0,2,71.51412776412776
ax_fixed,23,0.4,0,0,63.774570024570025
ax_fixed,23,0.4,0,1,63.26781326781327
ax_fixed,23,0.4,0,2,63.00675675675676
ax_fixed,23,0.5,0,0,50.875307125307124
ax_fixed,23,0.5,0,1,50.06142506142506
ax_fixed,23,0.5,0,2,50.09213759213759
ax_fixed,23,0.0,1,0,81.06572481572482
ax_fixed,23,0.1,1,0,79.10012285012284
ax_fixed,23,0.1,1,1,79.51474201474201
ax_fixed,23,0.1,1,2,78.67014742014742
ax_fixed,23,0.2,1,0,75.87530712530713
ax_fixed,23,0.2,1,1,76.13636363636364
ax_fixed,23,0.2,1,2,75.96744471744472
ax_fixed,23,0.3,1,0,70.02457002457002
ax_fixed,23,0.3,1,1,70.36240786240786
ax_fixed,23,0.3,1,2,69.62530712530713
ax_fixed,23,0.4,1,0,60.1504914004914
ax_fixed,23,0.4,1,1,60.76474201474201
ax_fixed,23,0.4,1,2,60.734029484029485
ax_fixed,23,0.5,1,0,46.514127764127764
ax_fixed,23,0.5,1,1,46.62162162162162
ax_fixed,23,0.5,1,2,46.86732186732187
ax_fixed,23,0.0,2,0,81.58783783783784
ax_fixed,23,0.1,2,0,79.7911547911548
ax_fixed,23,0.1,2,1,79.76044226044226
ax_fixed,23,0.1,2,2,79.45331695331696
ax_fixed,23,0.2,2,0,76.5509828009828
ax_fixed,23,0.2,2,1,77.39557739557739
ax_fixed,23,0.2,2,2,76.71990171990171
ax_fixed,23,0.3,2,0,71.8519656019656
ax_fixed,23,0.3,2,1,71.95945945945945
ax_fixed,23,0.3,2,2,71.29914004914005
ax_fixed,23,0.4,2,0,63.55958230958231
ax_fixed,23,0.4,2,1,63.06818181818182
ax_fixed,23,0.4,2,2,62.96068796068796
ax_fixed,23,0.5,2,0,49.50859950859951
ax_fixed,23,0.5,2,1,49.75429975429975
ax_fixed,23,0.5,2,2,50.32248157248157
syn_learned,3,0.0,0,0,84.73587223587224
syn_learned,3,0.1,0,0,82.92383292383292
syn_learned,3,0.1,0,1,83.16953316953317
syn_learned,3,0.1,0,2,82.87776412776412
syn_learned,3,0.2,0,0,79.92936117936118
syn_learned,3,0.2,0,1,79.68366093366093
syn_learned,3,0.2,0,2,79.82186732186732
syn_learned,3,0.3,0,0,74.04791154791155
syn_learned,3,0.3,0,1,73.87899262899263
syn_learned,3,0.3,0,2,73.98648648648648
syn_learned,3,0.4,0,0,64.61916461916462
syn_learned,3,0.4,0,1,64.77272727272727
syn_learned,3,0.4,0,2,65.12592137592138
syn_learned,3,0.5,0,0,51.71990171990172
syn_learned,3,0.5,0,1,51.70454545454545
syn_learned,3,0.5,0,2,51.90417690417691
syn_learned,3,0.0,1,0,84.36732186732186
syn_learned,3,0.1,1,0,82.43243243243244
syn_learned,3,0.1,1,1,82.69348894348894
syn_learned,3,0.1,1,2,82.87776412776412
syn_learned,3,0.2,1,0,79.48402948402948
syn_learned,3,0.2,1,1,79.97542997542998
syn_learned,3,0.2,1,2,79.7911547911548
syn_learned,3,0.3,1,0,73.8943488943489
syn_learned,3,0.3,1,1,73.67936117936118
syn_learned,3,0.3,1,2,74.12469287469287
syn_learned,3,0.4,1,0,64.32739557739558
syn_learned,3,0.4,1,1,65.00307125307125
syn_learned,3,0.4,1,2,65.50982800982801
syn_learned,3,0.5,1,0,53.02518427518427
syn_learned,3,0.5,1,1,51.9502457002457
syn_learned,3,0.5,1,2,52.103808353808354
syn_learned,3,0.0,2,0,84.21375921375922
syn_learned,3,0.1,2,0,82.07923832923834
syn_learned,3,0.1,2,1,82.43243243243244
syn_learned,3,0.1,2,2,82.64742014742015
syn_learned,3,0.2,2,0,79.5608108108108
syn_learned,3,0.2,2,1,79.36117936117937
syn_learned,3,0.2,2,2,79.36117936117937
syn_learned,3,0.3,2,0,74.247542997543
syn_learned,3,0.3,2,1,74.10933660933661
syn_learned,3,0.3,2,2,73.08046683046683
syn_learned,3,0.4,2,0,64.46560196560196
syn_learned,3,0.4,2,1,64.92628992628993
syn_learned,3,0.4,2,2,64.94164619164619
syn_learned,3,0.5,2,0,51.48955773955774
syn_learned,3,0.5,2,1,51.79668304668305
syn_learned,3,0.5,2,2,51.42813267813268
syn_learned,8,0.0,0,0,84.32125307125307
syn_learned,8,0.1,0,0,82.43243243243244
syn_learned,8,0.1,0,1,82.60135135135135
syn_learned,8,0.1,0,2,82.7088452088452
syn_learned,8,0.2,0,0,79.91400491400492
syn_learned,8,0.2,0,1,80.0982800982801
syn_learned,8,0.2,0,2,79.745085995086
syn_learned,8,0.3,0,0,74.9539312039312
syn_learned,8,0.3,0,1,74.87714987714988
syn_learned,8,0.3,0,2,75.0460687960688
syn_learned,8,0.4,0,0,66.1394348894349
syn_learned,8,0.4,0,1,66.72297297297297
syn_learned,8,0.4,0,2,66.66154791154791
syn_learned,8,0.5,0,0,54.79115479115479
syn_learned,8,0.5,0,1,54.407248157248155
syn_learned,8,0.5,0,2,54.85257985257985
syn_learned,8,0.0,1,0,84.42874692874693
syn_learned,8,0.1,1,0,83.07739557739558
syn_learned,8,0.1,1,1,83.06203931203932
syn_learned,8,0.1,1,2,82.8931203931204
syn_learned,8,0.2,1,0,79.59152334152334
syn_learned,8,0.2,1,1,79.34582309582309
syn_learned,8,0.2,1,2,80.17506142506143
syn_learned,8,0.3,1,0,74.41646191646191
syn_learned,8,0.3,1,1,74.07862407862407
syn_learned,8,0.3,1,2,74.35503685503686
syn_learned,8,0.4,1,0,65.89373464373465
syn_learned,8,0.4,1,1,65.07985257985258
syn_learned,8,0.4,1,2,65.81695331695332
syn_learned,8,0.5,1,0,53.36302211302211
syn_learned,8,0.5,1,1,53.1480343980344
syn_learned,8,0.5,1,2,52.902334152334156
syn_learned,8,0.0,2,0,83.737714987715
syn_learned,8,0.1,2,0,82.21744471744472
syn_learned,8,0.1,2,1,82.46314496314497
syn_learned,8,0.1,2,2,82.8009828009828
syn_learned,8,0.2,2,0,79.5608108108108
syn_learned,8,0.2,2,1,79.59152334152334
syn_learned,8,0.2,2,2,79.91400491400492
syn_learned,8,0.3,2,0,74.23218673218673
syn_learned,8,0.3,2,1,74.58538083538083
syn_learned,8,0.3,2,2,74.43181818181819
syn_learned,8,0.4,2,0,65.80159705159706
syn_learned,8,0.4,2,1,65.6019656019656
syn_learned,8,0.4,2,2,65.23341523341523
syn_learned,8,0.5,2,0,52.31879606879607
syn_learned,8,0.5,2,1,52.47235872235872
syn_learned,8,0.5,2,2,53.63943488943489
syn_learned,13,0.0,0,0,83.69164619164619
syn_learned,13,0.1,0,0,82.002457002457
syn_learned,13,0.1,0,1,82.01781326781327
syn_learned,13,0.1,0,2,81.7414004914005
syn_learned,13,0.2,0,0,79.5608108108108
syn_learned,13,0.2,0,1,79.14619164619165
syn_learned,13,0.2,0,2,79.13083538083538
syn_learned,13,0.3,0,0,74.10933660933661
syn_learned,13,0.3,0,1,74.27825552825553
syn_learned,13,0.3,0,2,73.69471744471744
syn_learned,13,0.4,0,0,65.26412776412776
syn_learned,13,0.4,0,1,65.77088452088452
syn_learned,13,0.4,0,2,65.54054054054055
syn_learned,13,0.5,0,0,53.24017199017199
syn_learned,13,0.5,0,1,52.94840294840295
syn_learned,13,0.5,0,2,53.36302211302211
syn_learned,13,0.0,1,0,84.06019656019656
syn_learned,13,0.1,1,0,81.91031941031942
syn_learned,13,0.1,1,1,82.3556511056511
syn_learned,13,0.1,1,2,82.27886977886978
syn_learned,13,0.2,1,0,79.16154791154791
syn_learned,13,0.2,1,1,78.86977886977887
syn_learned,13,0.2,1,2,78.73157248157248
syn_learned,13,0.3,1,0,73.06511056511056
syn_learned,13,0.3,1,1,72.91154791154791
syn_learned,13,0.3,1,2,73.09582309582309
syn_learned,13,0.4,1,0,64.03562653562653
syn_learned,13,0.4,1,1,63.40601965601966
syn_learned,13,0.4,1,2,64.12776412776412
syn_learned,13,0.5,1,0,50.24570024570025
syn_learned,13,0.5,1,1,50.07678132678133
syn_learned,13,0.5,1,2,51.13636363636363
syn_learned,13,0.0,2,0,82.86240786240786
syn_learned,13,0.1,2,0,80.80466830466831
syn_learned,13,0.1,2,1,80.52825552825553
syn_learned,13,0.1,2,2,81.17321867321867
syn_learned,13,0.2,2,0,77.71805896805897
syn_learned,13,0.2,2,1,77.76412776412776
syn_learned,13,0.2,2,2,77.94840294840294
syn_learned,13,0.3,2,0,73.69471744471744
syn_learned,13,0.3,2,1,73.47972972972973
syn_learned,13,0.3,2,2,72.81941031941032
syn_learned,13,0.4,2,0,64.83415233415234
syn_learned,13,0.4,2,1,65.2487714987715
syn_learned,13,0.4,2,2,65.09520884520884
syn_learned,13,0.5,2,0,53.05589680589681
syn_learned,13,0.5,2,1,52.13452088452088
syn_learned,13,0.5,2,2,53.163390663390665
syn_learned,18,0.0,0,0,83.01597051597052
syn_learned,18,0.1,0,0,81.52641277641278
syn_learned,18,0.1,0,1,81.32678132678133
syn_learned,18,0.1,0,2,81.5571253071253
syn_learned,18,0.2,0,0,78.4551597051597
syn_learned,18,0.2,0,1,78.25552825552826
syn_learned,18,0.2,0,2,78.9004914004914
syn_learned,18,0.3,0,0,74.17076167076166
syn_learned,18,0.3,0,1,73.97113022113022
syn_learned,18,0.3,0,2,73.52579852579852
syn_learned,18,0.4,0,0,65.43304668304668
syn_learned,18,0.4,0,1,66.0012285012285
syn_learned,18,0.4,0,2,65.67874692874693
syn_learned,18,0.5,0,0,53.43980343980344
syn_learned,18,0.5,0,1,52.97911547911548
syn_learned,18,0.5,0,2,54.43796068796069
syn_learned,18,0.0,1,0,83.35380835380835
syn_learned,18,0.1,1,0,81.49570024570025
syn_learned,18,0.1,1,1,80.83538083538083
syn_learned,18,0.1,1,2,81.2960687960688
syn_learned,18,0.2,1,0,77.96375921375922
syn_learned,18,0.2,1,1,77.16523341523342
syn_learned,18,0.2,1,2,77.93304668304668
syn_learned,18,0.3,1,0,72.35872235872236
syn_learned,18,0.3,1,1,71.91339066339066
syn_learned,18,0.3,1,2,72.2512285012285
syn_learned,18,0.4,1,0,63.78992628992629
syn_learned,18,0.4,1,1,63.72850122850123
syn_learned,18,0.4,1,2,63.7438574938575
syn_learned,18,0.5,1,0,51.504914004914006
syn_learned,18,0.5,1,1,52.027027027027025
syn_learned,18,0.5,1,2,51.38206388206388
syn_learned,18,0.0,2,0,82.47850122850123
syn_learned,18,0.1,2,0,80.74324324324324
syn_learned,18,0.1,2,1,80.52825552825553
syn_learned,18,0.1,2,2,80.25184275184276
syn_learned,18,0.2,2,0,77.68734643734643
syn_learned,18,0.2,2,1,78.02518427518427
syn_learned,18,0.2,2,2,77.6105651105651
syn_learned,18,0.3,2,0,72.85012285012284
syn_learned,18,0.3,2,1,72.57371007371007
syn_learned,18,0.3,2,2,72.6965601965602
syn_learned,18,0.4,2,0,64.41953316953317
syn_learned,18,0.4,2,1,64.1431203931204
syn_learned,18,0.4,2,2,64.91093366093367
syn_learned,18,0.5,2,0,52.13452088452088
syn_learned,18,0.5,2,1,51.443488943488944
syn_learned,18,0.5,2,2,51.61240786240786
syn_learned,23,0.0,0,0,82.7088452088452
syn_learned,23,0.1,0,0,81.28071253071253
syn_learned,23,0.1,0,1,81.25
syn_learned,23,0.1,0,2,81.14250614250614
syn_learned,23,0.2,0,0,79.16154791154791
syn_learned,23,0.2,0,1,78.67014742014742
syn_learned,23,0.2,0,2,79.19226044226045
syn_learned,23,0.3,0,0,74.33968058968058
syn_learned,23,0.3,0,1,74.72358722358722
syn_learned,23,0.3,0,2,74.04791154791155
syn_learned,23,0.4,0,0,66.84582309582309
syn_learned,23,0.4,0,1,66.87653562653563
syn_learned,23,0.4,0,2,66.33906633906633
syn_learned,23,0.5,0,0,54.49938574938575
syn_learned,23,0.5,0,1,54.42260442260442
syn_learned,23,0.5,0,2,54.43796068796069
syn_learned,23,0.0,1,0,82.77027027027027
syn_learned,23,0.1,1,0,81.12714987714988
syn_learned,23,0.1,1,1,81.05036855036855
syn_learned,23,0.1,1,2,80.46683046683047
syn_learned,23,0.2,1,0,77.53378378378379
syn_learned,23,0.2,1,1,77.21130221130221
syn_learned,23,0.2,1,2,76.78132678132678
syn_learned,23,0.3,1,0,71.62162162162163
syn_learned,23,0.3,1,1,70.66953316953317
syn_learned,23,0.3,1,2,71.13022113022113
syn_learned,23,0.4,1,0,62.40786240786241
syn_learned,23,0.4,1,1,61.624692874692876
syn_learned,23,0.4,1,2,61.977886977886975
syn_learned,23,0.5,1,0,49.1554054054054
syn_learned,23,0.5,1,1,49.124692874692876
syn_learned,23,0.5,1,2,49.047911547911546
syn_learned,23,0.0,2,0,82.4017199017199
syn_learned,23,0.1,2,0,80.82002457002457
syn_learned,23,0.1,2,1,81.05036855036855
syn_learned,23,0.1,2,2,80.69717444717445
syn_learned,23,0.2,2,0,77.7487714987715
syn_learned,23,0.2,2,1,77.91769041769042
syn_learned,23,0.2,2,2,78.16339066339066
syn_learned,23,0.3,2,0,72.85012285012284
syn_learned,23,0.3,2,1,73.14189189189189
syn_learned,23,0.3,2,2,73.26474201474201
syn_learned,23,0.4,2,0,64.94164619164619
syn_learned,23,0.4,2,1,65.17199017199017
syn_learned,23,0.4,2,2,65.55589680589681
syn_learned,23,0.5,2,0,53.485872235872236
syn_learned,23,0.5,2,1,52.764127764127764
syn_learned,23,0.5,2,2,52.902334152334156
syn_fixed,3,0.0,0,0,82.78562653562653
syn_fixed,3,0.1,0,0,80.34398034398035
syn_fixed,3,0.1,0,1,80.55896805896806
syn_fixed,3,0.1,0,2,80.68181818181819
syn_fixed,3,0.2,0,0,77.33415233415234
syn_fixed,3,0.2,0,1,77.16523341523342
syn_fixed,3,0.2,0,2,77.3495085995086
syn_fixed,3,0.3,0,0,71.62162162162163
syn_fixed,3,0.3,0,1,71.17628992628993
syn_fixed,3,0.3,0,2,71.51412776412776
syn_fixed,3,0.4,0,0,62.39250614250614
syn_fixed,3,0.4,0,1,61.68611793611794
syn_fixed,3,0.4,0,2,62.56142506142506
syn_fixed,3,0.5,0,0,49.477886977886975
syn_fixed,3,0.5,0,1,49.33968058968059
syn_fixed,3,0.5,0,2,49.953931203931205
syn_fixed,3,0.0,1,0,82.0485257985258
syn_fixed,3,0.1,1,0,81.18857493857494
syn_fixed,3,0.1,1,1,80.43611793611794
syn_fixed,3,0.1,1,2,80.31326781326781
syn_fixed,3,0.2,1,0,77.44164619164619
syn_fixed,3,0.2,1,1,77.51842751842752
syn_fixed,3,0.2,1,2,77.31879606879608
syn_fixed,3,0.3,1,0,71.34520884520884
syn_fixed,3,0.3,1,1,70.93058968058968
syn_fixed,3,0.3,1,2,71.5448402948403
syn_fixed,3,0.4,1,0,61.60933660933661
syn_fixed,3,0.4,1,1,61.36363636363637
syn_fixed,3,0.4,1,2,61.91646191646192
syn_fixed,3,0.5,1,0,47.75798525798526
syn_fixed,3,0.5,1,1,47.72727272727273
syn_fixed,3,0.5,1,2,47.78869778869779
syn_fixed,3,0.0,2,0,81.54176904176904
syn_fixed,3,0.1,2,0,79.88329238329239
syn_fixed,3,0.1,2,1,79.62223587223588
syn_fixed,3,0.1,2,2,79.48402948402948
syn_fixed,3,0.2,2,0,76.52027027027027
syn_fixed,3,0.2,2,1,76.70454545454545
syn_fixed,3,0.2,2,2,76.62776412776412
syn_fixed,3,0.3,2,0,70.96130221130221
syn_fixed,3,0.3,2,1,70.7002457002457
syn_fixed,3,0.3,2,2,70.40847665847666
syn_fixed,3,0.4,2,0,61.59398034398034
syn_fixed,3,0.4,2,1,61.317567567567565
syn_fixed,3,0.4,2,2,60.79545454545455
syn_fixed,3,0.5,2,0,47.573710073710075
syn_fixed,3,0.5,2,1,46.86732186732187
syn_fixed,3,0.5,2,2,47.88083538083538
syn_fixed,8,0.0,0,0,82.72420147420148
syn_fixed,8,0.1,0,0,80.86609336609337
syn_fixed,8,0.1,0,1,81.06572481572482
syn_fixed,8,0.1,0,2,80.82002457002457
syn_fixed,8,0.2,0,0,78.5933660933661
syn_fixed,8,0.2,0,1,78.60872235872236
syn_fixed,8,0.2,0,2,78.91584766584766
syn_fixed,8,0.3,0,0,72.742628992629
syn_fixed,8,0.3,0,1,73.21867321867322
syn_fixed,8,0.3,0,2,73.20331695331696
syn_fixed,8,0.4,0,0,65.00307125307125
syn_fixed,8,0.4,0,1,64.69594594594595
syn_fixed,8,0.4,0,2,64.86486486486487
syn_fixed,8,0.5,0,0,52.165233415233416
syn_fixed,8,0.5,0,1,52.53378378378378
syn_fixed,8,0.5,0,2,51.98095823095823
syn_fixed,8,0.0,1,0,82.73955773955774
syn_fixed,8,0.1,1,0,81.2960687960688
syn_fixed,8,0.1,1,1,81.61855036855037
syn_fixed,8,0.1,1,2,81.6031941031941
syn_fixed,8,0.2,1,0,78.57800982800983
syn_fixed,8,0.2,1,1,78.33230958230958
syn_fixed,8,0.2,1,2,78.71621621621621
syn_fixed,8,0.3,1,0,73.18796068796068
syn_fixed,8,0.3,1,1,73.64864864864865
syn_fixed,8,0.3,1,2,73.43366093366093
syn_fixed,8,0.4,1,0,64.78808353808354
syn_fixed,8,0.4,1,1,64.86486486486487
syn_fixed,8,0.4,1,2,65.67874692874693
syn_fixed,8,0.5,1,0,53.22481572481573
syn_fixed,8,0.5,1,1,53.163390663390665
syn_fixed,8,0.5,1,2,53.40909090909091
syn_fixed,8,0.0,2,0,83.2002457002457
syn_fixed,8,0.1,2,0,81.21928746928747
syn_fixed,8,0.1,2,1,81.2960687960688
syn_fixed,8,0.1,2,2,81.38820638820638
syn_fixed,8,0.2,2,0,78.16339066339066
syn_fixed,8,0.2,2,1,78.08660933660934
syn_fixed,8,0.2,2,2,78.17874692874693
syn_fixed,8,0.3,2,0,72.71191646191646
syn_fixed,8,0.3,2,1,72.60442260442261
syn_fixed,8,0.3,2,2,72.89619164619165
syn_fixed,8,0.4,2,0,64.20454545454545
syn_fixed,8,0.4,2,1,63.98955773955774
syn_fixed,8,0.4,2,2,63.605651105651106
syn_fixed,8,0.5,2,0,50.99815724815725
syn_fixed,8,0.5,2,1,51.22850122850123
syn_fixed,8,0.5,2,2,51.197788697788695
syn_fixed,13,0.0,0,0,82.8470515970516
syn_fixed,13,0.1,0,0,80.77395577395578
syn_fixed,13,0.1,0,1,80.35933660933661
syn_fixed,13,0.1,0,2,80.7585995085995
syn_fixed,13,0.2,0,0,77.50307125307125
syn_fixed,13,0.2,0,1,77.62592137592138
syn_fixed,13,0.2,0,2,77.44164619164619
syn_fixed,13,0.3,0,0,72.37407862407862
syn_fixed,13,0.3,0,1,72.75798525798525
syn_fixed,13,0.3,0,2,72.23587223587224
syn_fixed,13,0.4,0,0,64.12776412776412
syn_fixed,13,0.4,0,1,64.12776412776412
syn_fixed,13,0.4,0,2,63.682432432432435
syn_fixed,13,0.5,0,0,51.13636363636363
syn_fixed,13,0.5,0,1,51.28992628992629
syn_fixed,13,0.5,0,2,51.182432432432435
syn_fixed,13,0.0,1,0,81.84889434889435
syn_fixed,13,0.1,1,0,80.22113022113022
syn_fixed,13,0.1,1,1,80.22113022113022
syn_fixed,13,0.1,1,2,80.31326781326781
syn_fixed,13,0.2,1,0,77.13452088452088
syn_fixed,13,0.2,1,1,77.45700245700246
syn_fixed,13,0.2,1,2,77.36486486486487
syn_fixed,13,0.3,1,0,71.48341523341523
syn_fixed,13,0.3,1,1,70.99201474201475
syn_fixed,13,0.3,1,2,71.237714987715
syn_fixed,13,0.4,1,0,62.807125307125304
syn_fixed,13,0.4,1,1,61.91646191646192
syn_fixed,13,0.4,1,2,62.16216216216216
syn_fixed,13,0.5,1,0,48.67936117936118
syn_fixed,13,0.5,1,1,48.61793611793612
syn_fixed,13,0.5,1,2,49.216830466830466
syn_fixed,13,0.0,2,0,82.4017199017199
syn_fixed,13,0.1,2,0,80.51289926289927
syn_fixed,13,0.1,2,1,80.68181818181819
syn_fixed,13,0.1,2,2,80.54361179361179
syn_fixed,13,0.2,2,0,77.54914004914005
syn_fixed,13,0.2,2,1,77.16523341523342
syn_fixed,13,0.2,2,2,77.3034398034398
syn_fixed,13,0.3,2,0,71.32985257985258
syn_fixed,13,0.3,2,1,71.62162162162163
syn_fixed,13,0.3,2,2,72.18980343980344
syn_fixed,13,0.4,2,0,62.82248157248157
syn_fixed,13,0.4,2,1,62.33108108108108
syn_fixed,13,0.4,2,2,62.807125307125304
syn_fixed,13,0.5,2,0,48.17260442260442
syn_fixed,13,0.5,2,1,48.58722358722359
syn_fixed,13,0.5,2,2,49.063267813267814
syn_fixed,18,0.0,0,0,81.77211302211302
syn_fixed,18,0.1,0,0,79.85257985257985
syn_fixed,18,0.1,0,1,79.7911547911548
syn_fixed,18,0.1,0,2,79.89864864864865
syn_fixed,18,0.2,0,0,77.10380835380835
syn_fixed,18,0.2,0,1,76.76597051597052
syn_fixed,18,0.2,0,2,76.76597051597052
syn_fixed,18,0.3,0,0,71.4066339066339
syn_fixed,18,0.3,0,1,71.0534398034398
syn_fixed,18,0.3,0,2,71.16093366093367
syn_fixed,18,0.4,0,0,63.022113022113025
syn_fixed,18,0.4,0,1,62.208230958230956
syn_fixed,18,0.4,0,2,62.868550368550366
syn_fixed,18,0.5,0,0,49.86179361179361
syn_fixed,18,0.5,0,1,49.723587223587224
syn_fixed,18,0.5,0,2,49.52395577395578
syn_fixed,18,0.0,1,0,82.18673218673219
syn_fixed,18,0.1,1,0,80.03685503685503
syn_fixed,18,0.1,1,1,79.51474201474201
syn_fixed,18,0.1,1,2,79.91400491400492
syn_fixed,18,0.2,1,0,76.47420147420148
syn_fixed,18,0.2,1,1,76.12100737100737
syn_fixed,18,0.2,1,2,76.48955773955774
syn_fixed,18,0.3,1,0,70.14742014742015
syn_fixed,18,0.3,1,1,71.0534398034398
syn_fixed,18,0.3,1,2,70.71560196560196
syn_fixed,18,0.4,1,0,62.48464373464373
syn_fixed,18,0.4,1,1,61.148648648648646
syn_fixed,18,0.4,1,2,61.36363636363637
syn_fixed,18,0.5,1,0,47.51228501228501
syn_fixed,18,0.5,1,1,48.21867321867322
syn_fixed,18,0.5,1,2,48.12653562653563
syn_fixed,18,0.0,2,0,81.6031941031941
syn_fixed,18,0.1,2,0,79.66830466830467
syn_fixed,18,0.1,2,1,79.2536855036855
syn_fixed,18,0.1,2,2,79.11547911547912
syn_fixed,18,0.2,2,0,76.18243243243244
syn_fixed,18,0.2,2,1,76.75061425061425
syn_fixed,18,0.2,2,2,76.73525798525799
syn_fixed,18,0.3,2,0,72.23587223587224
syn_fixed,18,0.3,2,1,71.99017199017199
syn_fixed,18,0.3,2,2,72.28194103194103
syn_fixed,18,0.4,2,0,64.08169533169533
syn_fixed,18,0.4,2,1,63.49815724815725
syn_fixed,18,0.4,2,2,63.866707616707615
syn_fixed,18,0.5,2,0,51.87346437346437
syn_fixed,18,0.5,2,1,51.689189189189186
syn_fixed,18,0.5,2,2,51.41277641277641
syn_fixed,23,0.0,0,0,81.54176904176904
syn_fixed,23,0.1,0,0,79.54545454545455
syn_fixed,23,0.1,0,1,79.63759213759214
syn_fixed,23,0.1,0,2,79.51474201474201
syn_fixed,23,0.2,0,0,77.487714987715
syn_fixed,23,0.2,0,1,77.04238329238329
syn_fixed,23,0.2,0,2,76.87346437346437
syn_fixed,23,0.3,0,0,72.68120393120392
syn_fixed,23,0.3,0,1,72.742628992629
syn_fixed,23,0.3,0,2,72.3433660933661
syn_fixed,23,0.4,0,0,64.81879606879608
syn_fixed,23,0.4,0,1,65.2948402948403
syn_fixed,23,0.4,0,2,64.68058968058968
syn_fixed,23,0.5,0,0,53.05589680589681
syn_fixed,23,0.5,0,1,52.84090909090909
syn_fixed,23,0.5,0,2,52.334152334152336
syn_fixed,23,0.0,1,0,80.77395577395578
syn_fixed,23,0.1,1,0,78.85442260442261
syn_fixed,23,0.1,1,1,78.34766584766585
syn_fixed,23,0.1,1,2,78.97727272727273
syn_fixed,23,0.2,1,0,75.52211302211302
syn_fixed,23,0.2,1,1,75.10749385749386
syn_fixed,23,0.2,1,2,75.59889434889435
syn_fixed,23,0.3,1,0,69.93243243243244
syn_fixed,23,0.3,1,1,69.97850122850123
syn_fixed,23,0.3,1,2,70.33169533169533
syn_fixed,23,0.4,1,0,60.396191646191646
syn_fixed,23,0.4,1,1,60.734029484029485
syn_fixed,23,0.4,1,2,61.02579852579853
syn_fixed,23,0.5,1,0,46.75982800982801
syn_fixed,23,0.5,1,1,45.96130221130221
syn_fixed,23,0.5,1,2,46.19164619164619
syn_fixed,23,0.0,2,0,81.80282555282555
syn_fixed,23,0.1,2,0,79.71437346437347
syn_fixed,23,0.1,2,1,79.72972972972973
syn_fixed,23,0.1,2,2,79.89864864864865
syn_fixed,23,0.2,2,0,77.01167076167076
syn_fixed,23,0.2,2,1,77.05773955773955
syn_fixed,23,0.2,2,2,76.76597051597052
syn_fixed,23,0.3,2,0,71.94410319410319
syn_fixed,23,0.3,2,1,72.37407862407862
syn_fixed,23,0.3,2,2,72.08230958230958
syn_fixed,23,0.4,2,0,64.57309582309583
syn_fixed,23,0.4,2,1,63.3445945945946
syn_fixed,23,0.4,2,2,63.63636363636363
syn_fixed,23,0.5,2,0,51.62776412776413
syn_fixed,23,0.5,2,1,51.934889434889435
syn_fixed,23,0.5,2,2,51.41277641277641
